url,name,address,city,state,phone
http://www.risleycpa.com/,Results,"îƒˆ4000 E 30th St, Farmington, NM 87402",Farmington,NM,î‚°(505) 325-5156
http://www.alphaomegacpa.com/,Results,"îƒˆ902 E 20th St, Farmington, NM 87401",Farmington,NM,î‚°(505) 325-7250
http://gacpallc.com/,Results,"îƒˆ411 N Auburn Ave, Farmington, NM 87401",Farmington,NM,î‚°(505) 326-1401
http://soacpas.com/,Results,"îƒˆ4001 Butler Ave Ste 2101, Farmington, NM 87401",Farmington,NM,î‚°(505) 327-5001
http://www.chandlerandco.com/,Results,"îƒˆ2900 N Hutton Ave, Farmington, NM 87402",Farmington,NM,î‚°(505) 327-5052
http://www.solgajakinopa.com/,Results,"îƒˆ901 N Tucker Ave, Farmington, NM 87401",Farmington,NM,î‚°(505) 327-0266
https://franklzwienerea.com/,Results,"îƒˆ4010 E 30th St, Farmington, NM 87402",Farmington,NM,î‚°(505) 566-7932
http://www.lukowcpa.com/,Results,"îƒˆ4801 N Butler Ave Ste 5000, Farmington, NM 87401",Farmington,NM,î‚°(505) 325-2227
http://chipmansaccounting.com/,Results,"îƒˆ2603 E Main St, Farmington, NM 87401",Farmington,NM,î‚°(505) 327-5848
http://tafcpa.com/,Results,"îƒˆ3300 N Butler Ave, Farmington, NM 87401",Farmington,NM,î‚°(505) 325-0074
https://criterion1985.com/,Results,"îƒˆ2012 San Juan Blvd, Farmington, NM 87401",Farmington,NM,î‚°(505) 327-9505
http://www.fourcornersaccounting.com/,Results,"îƒˆ842 NM-516, Flora Vista, NM 87415",Flora Vista,NM,î‚°(505) 436-2127
https://www.hrblock.com/tax-office-near-me/new-mexico/farmington/29337/?otppartnerid=9308&campaignid=pw_mcm_9308_9762&utm_medium=local,Results,"îƒˆ1245 W Apache St Ste 113, Farmington, NM 87401",Farmington,NM,î‚°(505) 258-4435
https://reliabletax.info/,Results,"îƒˆ2800 E Main St, Farmington, NM 87402",Farmington,NM,î‚°(505) 327-0991
https://www.chancecpa.com/,Results,"îƒˆ1000 W Aztec Blvd, Aztec, NM 87410",Aztec,NM,î‚°(505) 334-4375
https://chipmansaccounting.com/,Results,"îƒˆAztec, NM 87410",îƒˆAztec,NM,
https://www.thetaxpronm.com/,Results,"îƒˆ1901 N Farmington Ave, Farmington, NM 87401",Farmington,NM,î‚°(505) 326-4351
https://farmington.southwestloans.net/,Results,"îƒˆ480 E 20th St, Farmington, NM 87401",Farmington,NM,î‚°(505) 326-0266
https://office.jacksonhewitt.com/tax-preparation-services-locations/en/nm/farmington/115-e-main-street/13538?utm_source=google&utm_medium=local&utm_campaign=local&utm_content=13538,Results,"îƒˆ115 E Main St, Farmington, NM 87401",Farmington,NM,î‚°(505) 485-1058
https://www.worldharvestcenter.com/,Results,"îƒˆ1024 N Butler Ave, Farmington, NM 87401",Farmington,NM,î‚°(505) 327-0941
http://www.connolly-financial.com/,Results,"îƒˆ108 N Behrend Ave suite k, Farmington, NM 87401",Farmington,NM,î‚°(505) 716-4277
https://mrtaxcpa.taxdome.com/,Results,,Farmington,NM,î‚°(505) 330-7651
https://www.libertytax.com/17709,Results,"îƒˆ3150A E Main St, Farmington, NM 87402",Farmington,NM,î‚°(505) 716-4053
http://thunderbirdtax.com/,Results,"îƒˆ104 E Main St, Farmington, NM 87401",Farmington,NM,î‚°(505) 436-2122
https://www.facebook.com/navajotradingco/,Results,"îƒˆ126 E Main St, Farmington, NM 87401",Farmington,NM,î‚°(505) 325-1685
https://roadrunner-tax-service.square.site/,Results,"îƒˆ632 W Main St, Farmington, NM 87401",Farmington,NM,î‚°(505) 932-2017
https://www.hrblock.com/tax-office-near-me/new-mexico/farmington/29332/?otppartnerid=9308&campaignid=pw_mcm_9308_9762&utm_medium=local,Results,"îƒˆ3501 E Main St Ste J, Farmington, NM 87402",Farmington,NM,î‚°(505) 436-2699
https://kivameasuring.com/,Results,"îƒˆ49 County Rd 5500, Farmington, NM 87401",Farmington,NM,î‚°(505) 632-5972
http://www.fmtn.org/,Results,"îƒˆ800 N Municipal Dr, Farmington, NM 87401",Farmington,NM,î‚°(505) 599-1367
https://www.nmsbdc.org/farmington.aspx,Results,"îƒˆ5101 College Blvd, Farmington, NM 87402",Farmington,NM,î‚°(505) 566-3528
http://www.grovesinsurancegroup.com/,Results,"îƒˆ707 N Dustin Ave, Farmington, NM 87401",Farmington,NM,î‚°(866) 371-1836
http://www.cornerstoneresults.com/,Results,"îƒˆ614 E Diamond St, Farmington, NM 87401",Farmington,NM,î‚°(505) 325-4900
http://www.devoreaccountingllc.com/,Results,,Farmington,NM,î‚°(505) 635-6530
http://deonbrowninsurance.com/,Results,"îƒˆ2806 E 20th St, Farmington, NM 87402",Farmington,NM,î‚°(469) 307-0612
http://www.kemplewisattorney.com/,Results,"îƒˆ3005 Northridge Dr, Farmington, NM 87401",Farmington,NM,î‚°(505) 326-7391
https://fortnerlaw.com/?utm_source=google&utm_medium=organic&utm_campaign=gbp,Results,"îƒˆ1390 E 20th St, Farmington, NM 87401",Farmington,NM,î‚°(505) 320-1940
http://www.unsickerlaw.com/,Results,"îƒˆ120 W Main St, Farmington, NM 87401",Farmington,NM,î‚°(505) 675-1812
https://locations.creditsaint.com/en-us/nm/farmington/3150a-east-main/,Results,"îƒˆ3150A E Main St, Farmington, NM 87402",Farmington,NM,î‚°(505) 675-3028
http://www.jonbellcpa.com/,Results,"îƒˆ1303 Rio Grande Blvd NW #6, Albuquerque, NM 87104",Albuquerque,NM,î‚°(505) 385-3535
https://www.northernedgecasino.com/,Results,"îƒˆ2752 Indian Service Rd 36, Farmington, NM 87401",Farmington,NM,î‚°(505) 960-7000
http://www.sosemploymentgroup.com/,Results,"îƒˆFarmington, NM 87401",îƒˆFarmington,NM,î‚°(505) 326-6612
https://sjdavisllc.com/,Results,,Farmington,NM,î‚°(719) 431-3102
https://navenergy.com/,Results,"îƒˆ4801 N Butler Ave Bldg 12000, Farmington, NM 87401",Farmington,NM,î‚°(505) 278-8625
https://www.hl-cpas.com/?utm_source=google&utm_medium=google_business_profile&utm_campaign=website_click,Results,"îƒˆ2500 9th St NW, Albuquerque, NM 87102",Albuquerque,NM,î‚°(505) 883-8788
http://www.payrollbookstaxes.com/,Results,"îƒˆ204 E Aztec, Gallup, NM 87301",Gallup,NM,î‚°(505) 722-3399
https://www.loansbyworld.com/locations/branches/nm-farmington-2501-e-20th-street-1210?utm_source=google&utm_medium=organic&utm_campaign=loc&utm_content=cm-13gbp------bid-1210,Results,"îƒˆ2501 E 20th St Ste 11, Farmington, NM 87401",Farmington,NM,î‚°(505) 325-7220
https://office.jacksonhewitt.com/tax-preparation-services-locations/en/nm/farmington/1400-w-main-street/53428?utm_source=google&utm_medium=local&utm_campaign=local&utm_content=53428,Results,"îƒˆ1400 W Main St, Farmington, NM 87401",Farmington,NM,î‚°(505) 485-1065
https://www.tax.newmexico.gov/%20%20%20%20%20%20%20%20%20https://tap.state.nm.us/_/%20%20%20%20%20%20%20https://www.youtube.com/@newmexicotaxationrevenue8012,Results,"îƒˆ3501 E Main St N, Farmington, NM 87402",Farmington,NM,î‚°(866) 285-2996
https://office.jacksonhewitt.com/tax-preparation-services-locations/en/nm/farmington/4600-e-main-street/50826?utm_source=google&utm_medium=local&utm_campaign=local&utm_content=50826,Results,"îƒˆ4600 E Main St, Farmington, NM 87402",Farmington,NM,î‚°(505) 485-1072
